clusters,Animal_Dove,Animal_Hen,Animal_Duck,Animal_Goose,Animal_Owl,Animal_Hawk,Animal_Eagle,Animal_Fox,Animal_Dog,Animal_Wolf,Animal_Cat,Animal_Tiger,Animal_Lion,Animal_Horse,Animal_Zebra,Animal_Cow,Small,Medium,Big,Two Legs,Four Legs,Hair,Hooves,Mane,Feathers,Hunt,Run,Fly,Swim
0,0.0,0.0,0.0,0.0,0.0,0.0,0.0,0.0,0.0,0.0,0.0,0.0,0.3333333333333333,0.0,0.3333333333333333,0.3333333333333333,0.0,0.0,1.0,0.0,1.0,1.0,0.6666666666666666,0.6666666666666666,0.0,0.3333333333333333,0.6666666666666666,0.0,0.0
1,0.14285714285714285,0.14285714285714285,0.14285714285714285,0.14285714285714285,0.14285714285714285,0.14285714285714285,0.14285714285714285,0.0,0.0,0.0,0.0,0.0,0.0,0.0,0.0,0.0,0.8571428571428571,0.14285714285714285,0.0,1.0,0.0,0.0,0.0,0.0,1.0,0.42857142857142855,0.0,0.7142857142857143,0.2857142857142857
2,0.0,0.0,0.0,0.0,0.0,0.0,0.0,0.0,0.0,0.0,0.0,0.0,0.0,1.0,0.0,0.0,0.0,0.0,1.0,0.0,1.0,1.0,1.0,1.0,0.0,0.0,1.0,0.0,0.0
3,0.0,0.0,0.0,0.0,0.0,0.0,0.0,0.0,0.0,0.0,0.5,0.5,0.0,0.0,0.0,0.0,0.5,0.0,0.5,0.0,1.0,1.0,0.0,0.0,0.0,1.0,0.5,0.0,0.0
4,0.0,0.0,0.0,0.0,0.0,0.0,0.0,0.3333333333333333,0.3333333333333333,0.3333333333333333,0.0,0.0,0.0,0.0,0.0,0.0,0.0,1.0,0.0,0.0,1.0,1.0,0.0,0.3333333333333333,0.0,0.6666666666666666,0.6666666666666666,0.0,0.0
